City_ID,City,Lat,Lng,Max Temp,Humidity,Cloudiness,Wind Speed,Country,Current Description
0,Sangar,63.9242,127.4739,-63.58,100,79,0.87,RU,broken clouds
1,Doka,13.5167,35.7667,79.45,32,64,11.07,SD,broken clouds
2,Lichuan,30.3,108.85,46.8,97,98,3.22,CN,overcast clouds
3,Tromso,69.6496,18.957,35.62,87,75,13.8,NO,light snow
4,Harrismith,-28.2728,29.1295,64.83,36,2,5.59,ZA,clear sky
5,Ushuaia,-54.8,-68.3,58.62,54,40,24.16,AR,scattered clouds
6,Rikitea,-23.1203,-134.9692,78.21,76,7,20.42,PF,light rain
7,Batemans Bay,-35.7167,150.1833,63.45,96,29,3.47,AU,scattered clouds
8,Kapaa,22.0752,-159.319,66.18,90,0,6.91,US,clear sky
9,Saint-Joseph,-21.3667,55.6167,77.38,78,77,10.67,RE,broken clouds
10,Puerto Ayora,-0.7393,-90.3518,78.76,88,81,8.01,EC,broken clouds
11,San Quintin,30.4833,-115.95,64.44,50,83,5.91,MX,broken clouds
12,Feicheng,35.2606,117.9675,32.72,66,100,14.9,CN,overcast clouds
13,Jamestown,42.097,-79.2353,28.02,75,100,9.22,US,mist
14,Busselton,-33.65,115.3333,57.88,70,1,15.73,AU,clear sky
15,Mataura,-46.1927,168.8643,46.31,95,21,1.41,NZ,few clouds
16,Alihe,50.5667,123.7167,-25.85,97,5,2.86,CN,clear sky
17,Brewer,44.7967,-68.7614,54.39,95,100,14.97,US,overcast clouds
18,Yellowknife,62.456,-114.3525,-15.45,83,20,8.05,CA,few clouds
19,Nikolskoye,59.7035,30.7861,33.8,98,100,11.36,RU,light snow
20,Tiarei,-17.5333,-149.3333,78.82,80,100,20.58,PF,light rain
21,Talnakh,69.4865,88.3972,-34.8,89,21,7.0,RU,few clouds
22,Saskylakh,71.9167,114.0833,-56.38,100,65,3.71,RU,broken clouds
23,Qaanaaq,77.484,-69.3632,2.21,75,100,6.96,GL,overcast clouds
24,Vaini,-21.2,-175.2,77.16,100,20,2.3,TO,few clouds
25,Olot,42.181,2.4901,50.27,60,40,1.99,ES,scattered clouds
26,Vanavara,60.34,102.2797,-15.72,100,100,0.85,RU,overcast clouds
27,Avera,33.194,-82.5271,54.55,50,30,17.11,US,scattered clouds
28,Bredasdorp,-34.5322,20.0403,68.94,66,0,8.32,ZA,clear sky
29,Yanji,42.9075,129.5078,17.87,69,98,6.64,CN,overcast clouds
30,Portland,45.5234,-122.6762,53.04,94,100,16.11,US,light rain
31,Chokurdakh,70.6333,147.9167,-28.86,97,100,7.27,RU,overcast clouds
32,Simpang,-1.2667,104.0833,73.17,97,97,1.81,ID,overcast clouds
33,Hilo,19.7297,-155.09,77.29,58,0,11.5,US,clear sky
34,Hithadhoo,-0.6,73.0833,80.91,69,100,10.45,MV,overcast clouds
35,Longyearbyen,78.2186,15.6401,30.04,80,75,12.66,SJ,light snow
36,Albany,42.6001,-73.9662,41.95,86,100,11.01,US,overcast clouds
37,Avarua,-21.2078,-159.775,75.25,73,75,5.75,CK,broken clouds
38,Loubomo,-4.1997,12.6739,72.36,92,91,4.05,CG,overcast clouds
39,Buraydah,26.326,43.975,61.25,54,46,13.58,SA,scattered clouds
40,Hermanus,-34.4187,19.2345,69.8,79,0,4.88,ZA,clear sky
41,Ulladulla,-35.35,150.4667,63.66,93,67,4.59,AU,broken clouds
42,New Norfolk,-42.7826,147.0587,65.7,97,18,2.39,AU,few clouds
43,Port Macquarie,-31.4333,152.9167,64.89,81,100,6.55,AU,overcast clouds
44,Porto Recanati,43.4365,13.6613,54.12,49,100,2.28,IT,overcast clouds
45,Taltal,-25.4,-70.4833,68.52,74,11,5.75,CL,few clouds
46,Santa Isabel Do Rio Negro,-0.4139,-65.0192,80.13,86,99,3.38,BR,overcast clouds
47,Faanui,-16.4833,-151.75,80.33,79,100,24.4,PF,moderate rain
48,Norman Wells,65.282,-126.8329,-3.96,71,40,3.44,CA,scattered clouds
49,Whitianga,-36.8333,175.7,62.44,84,78,3.02,NZ,broken clouds
50,Bemidji,47.4736,-94.8803,16.05,87,0,8.05,US,clear sky
51,Zhongshu,24.5167,103.7667,46.65,60,0,5.32,CN,clear sky
52,Bluff,-46.6,168.3333,51.55,88,17,2.46,NZ,few clouds
53,Albox,37.3886,-2.1495,56.32,58,19,2.37,ES,few clouds
54,Khatanga,71.9667,102.5,-46.14,100,100,3.33,RU,overcast clouds
55,Matay,28.419,30.7792,57.09,42,4,6.78,EG,clear sky
56,Auki,-8.7676,160.7034,76.86,89,100,6.24,SB,heavy intensity rain
57,Ponta Do Sol,32.6667,-17.1,65.71,69,3,6.06,PT,clear sky
58,Mount Gambier,-37.8333,140.7667,62.29,66,2,5.35,AU,clear sky
59,Saint Pete Beach,27.7253,-82.7412,66.24,65,20,14.97,US,few clouds
60,Dong Xoai,11.5333,106.9167,73.18,98,100,2.62,VN,overcast clouds
61,Georgetown,5.4112,100.3354,81.95,89,20,5.99,MY,few clouds
62,Krasnogorsk,55.8225,37.3181,23.45,86,75,13.42,RU,broken clouds
63,Mahebourg,-20.4081,57.7,79.09,73,40,9.22,MU,scattered clouds
64,Atuona,-9.8,-139.0333,77.47,73,84,9.78,PF,broken clouds
65,Thompson,55.7435,-97.8558,17.76,93,100,8.05,CA,light snow
66,Klyuchi,52.2667,79.1667,6.78,93,96,11.32,RU,overcast clouds
67,Suleja,9.1758,7.1808,90.59,15,45,3.36,NG,scattered clouds
68,Maldonado,-34.6667,-54.9167,74.59,24,90,13.85,UY,overcast clouds
69,Kahului,20.8947,-156.47,72.84,88,0,6.91,US,clear sky
70,Bambous Virieux,-20.3428,57.7575,79.05,73,40,9.22,MU,scattered clouds
71,Talcahuano,-36.7167,-73.1167,67.68,52,0,17.27,CL,clear sky
72,Camacha,33.0833,-16.3333,60.22,59,75,11.5,PT,broken clouds
73,Ixtapa,20.7,-105.2,88.75,25,0,4.9,MX,clear sky
74,Dikson,73.5069,80.5464,-33.59,92,9,7.34,RU,clear sky
75,Myitkyina,25.3833,97.4,57.72,66,9,2.62,MM,clear sky
76,Sorong,-0.8833,131.25,79.68,86,89,6.46,ID,overcast clouds
77,Camana,-16.6228,-72.7111,74.79,68,15,9.89,PE,few clouds
78,Barrow,71.2906,-156.7887,-2.18,78,0,26.46,US,light snow
79,Acapulco,16.8634,-99.8901,84.45,52,3,5.46,MX,clear sky
80,Klaksvik,62.2266,-6.589,32.92,67,100,16.96,FO,overcast clouds
81,Souillac,-20.5167,57.5167,79.18,73,40,9.22,MU,scattered clouds
82,Mar Del Plata,-38.0023,-57.5575,74.82,66,40,14.97,AR,scattered clouds
83,Butaritari,3.0707,172.7902,80.29,80,34,15.14,KI,light rain
84,Thinadhoo,0.5333,72.9333,80.37,69,85,13.02,MV,overcast clouds
85,Nogliki,51.8333,143.1667,-10.5,72,88,17.58,RU,overcast clouds
86,Ancud,-41.8697,-73.8203,58.75,71,54,11.7,CL,broken clouds
87,Puerto Leguizamo,-0.1934,-74.7819,91.42,45,69,4.9,CO,broken clouds
88,Tallahassee,30.4383,-84.2807,49.86,77,82,1.99,US,broken clouds
89,Hobart,-42.8794,147.3294,66.06,86,18,6.91,AU,few clouds
90,Tamiahua,21.2667,-97.45,69.93,42,1,17.07,MX,clear sky
91,Chapais,49.7834,-74.8492,6.58,89,100,11.12,CA,overcast clouds
92,Cape Town,-33.9258,18.4232,74.08,56,20,14.97,ZA,few clouds
93,Hasaki,35.7333,140.8333,54.0,76,98,23.69,JP,overcast clouds
94,Puerto Escondido,15.85,-97.0667,85.08,51,3,6.71,MX,clear sky
95,Gazojak,41.1875,61.4036,15.28,72,0,9.91,TM,clear sky
96,Leningradskiy,69.3833,178.4167,-7.04,99,97,2.89,RU,overcast clouds
97,Jablah,35.3614,35.9256,46.69,81,75,13.8,SY,broken clouds
98,Kiama,-34.6833,150.8667,71.01,87,82,3.0,AU,broken clouds
99,Scanteia,46.9167,27.5667,33.85,91,76,6.76,RO,broken clouds
100,Nouakchott,18.0858,-15.9785,87.73,22,18,11.63,MR,few clouds
101,Blagoyevo,63.3667,47.9167,24.13,94,100,10.67,RU,light snow
102,Cabo San Lucas,22.8909,-109.9124,82.62,57,0,4.0,MX,clear sky
103,Tasiilaq,65.6145,-37.6368,6.78,63,100,8.03,GL,overcast clouds
104,Burnie,-41.0667,145.9167,60.96,91,19,11.61,AU,few clouds
105,Cabedelo,-6.9811,-34.8339,88.47,63,38,13.67,BR,scattered clouds
106,Lagoa,39.05,-27.9833,62.01,85,100,30.8,PT,overcast clouds
107,Luderitz,-26.6481,15.1594,68.68,65,16,23.8,NA,few clouds
108,Fayaoue,-20.65,166.5333,79.81,66,9,18.37,NC,clear sky
109,Cidreira,-30.1811,-50.2056,76.71,84,75,4.5,BR,moderate rain
110,Saldanha,-33.0117,17.9442,71.65,86,15,13.94,ZA,few clouds
111,Punta Arenas,-53.15,-70.9167,60.91,41,40,31.07,CL,scattered clouds
112,Dunedin,-45.8742,170.5036,56.8,81,66,1.99,NZ,broken clouds
113,Dingle,10.9995,122.6711,73.71,94,100,5.53,PH,light rain
114,Port Elizabeth,-33.918,25.5701,71.89,72,0,10.36,ZA,clear sky
115,Salalah,17.0151,54.0924,74.17,77,37,11.1,OM,scattered clouds
116,Sibolga,1.7427,98.7792,74.95,91,90,2.39,ID,overcast clouds
117,Muscat,23.6139,58.5922,65.43,40,36,4.81,OM,scattered clouds
118,Saquarema,-22.92,-42.5103,91.54,86,98,6.24,BR,overcast clouds
119,Port Alfred,-33.5906,26.891,71.19,84,40,1.99,ZA,scattered clouds
120,Dawei,14.0833,98.2,68.63,91,10,2.75,MM,clear sky
121,Katsuura,35.1333,140.3,59.2,73,99,26.82,JP,light rain
122,Pudozh,61.8099,36.5345,33.37,99,100,9.86,RU,overcast clouds
123,Mandalgovi,45.7625,106.2708,-4.79,53,2,6.93,MN,clear sky
124,Eureka,40.8021,-124.1637,54.19,95,100,5.01,US,overcast clouds
125,Ribeira Grande,38.5167,-28.7,64.8,88,40,24.0,PT,scattered clouds
126,Nivala,63.9167,24.9667,33.69,91,93,6.82,FI,overcast clouds
127,Upernavik,72.7868,-56.1549,0.25,71,100,5.21,GL,overcast clouds
128,Den Helder,52.9599,4.7593,48.97,78,75,28.01,NL,broken clouds
129,Sechura,-5.5569,-80.8222,80.02,54,98,8.63,PE,overcast clouds
130,Port Hedland,-20.3167,118.5667,82.45,78,58,6.91,AU,broken clouds
131,Tarakan,3.3,117.6333,79.86,79,98,2.57,ID,overcast clouds
132,Janossomorja,47.7862,17.136,44.2,84,100,6.73,HU,overcast clouds
133,Lompoc,34.6391,-120.4579,62.78,73,100,9.22,US,heavy intensity rain
134,Aklavik,68.2191,-135.0107,-9.4,84,75,10.36,CA,broken clouds
135,Tuatapere,-46.1333,167.6833,49.6,93,17,2.89,NZ,few clouds
136,Coquimbo,-29.9533,-71.3436,67.73,68,20,16.11,CL,few clouds
137,Shipunovo,52.1582,82.2173,4.64,92,100,21.74,RU,light snow
138,Saint-Pierre,-21.3393,55.4781,78.48,69,0,5.75,RE,clear sky
139,Nanortalik,60.1432,-45.2371,13.32,78,21,9.44,GL,few clouds
140,Lima,-12.0432,-77.0282,71.85,73,75,9.22,PE,broken clouds
141,Livingston,55.9029,-3.5226,41.22,87,20,8.05,GB,few clouds
142,Babu,24.4167,111.5167,66.78,92,17,3.38,CN,few clouds
143,Great Bend,38.3645,-98.7648,43.84,68,0,5.75,US,clear sky
144,Chicama,-7.8447,-79.1469,66.74,56,96,10.33,PE,overcast clouds
145,Bastia,42.6667,9.3333,58.8,70,61,5.01,FR,broken clouds
146,Castro,-24.7911,-50.0119,73.35,82,98,7.56,BR,overcast clouds
147,Vallenar,-28.5708,-70.7581,84.6,31,0,11.39,CL,clear sky
148,Pokhara,28.2333,83.9833,53.29,35,8,6.6,NP,clear sky
149,Bengkulu,-3.8004,102.2655,74.86,91,71,3.74,ID,broken clouds
150,Tuktoyaktuk,69.4541,-133.0374,-11.2,77,75,13.8,CA,broken clouds
151,Buritizeiro,-17.3511,-44.9622,83.88,65,100,2.64,BR,heavy intensity rain
152,Bethel,41.3712,-73.414,54.05,87,100,1.01,US,overcast clouds
153,Pangnirtung,66.1451,-65.7125,-14.8,76,20,6.91,CA,few clouds
154,Erenhot,43.6475,111.9767,2.19,48,100,3.4,CN,overcast clouds
155,Kodiak,57.79,-152.4072,38.44,97,100,17.29,US,moderate rain
156,Bubaque,11.2833,-15.8333,77.47,70,44,12.57,GW,scattered clouds
157,Mbaiki,3.8678,17.9892,76.37,28,65,0.45,CF,broken clouds
158,Pangody,65.85,74.4859,-7.56,98,100,15.28,RU,light snow
159,Narsaq,60.9167,-46.05,-2.11,78,13,7.09,GL,few clouds
160,Isugod,9.3408,118.1196,77.38,87,100,4.97,PH,overcast clouds
161,Naples Park,26.2617,-81.8093,69.98,90,31,1.01,US,scattered clouds
162,Yulara,-25.2406,130.9889,81.77,34,2,6.91,AU,clear sky
163,La Ronge,55.1001,-105.2842,7.05,85,100,6.91,CA,overcast clouds
164,Rawson,-43.3002,-65.1023,77.27,34,1,7.45,AR,clear sky
165,Vanimo,-2.6741,141.3028,77.02,89,98,0.83,PG,overcast clouds
166,Saint-Philippe,-21.3585,55.7679,78.39,79,80,11.7,RE,broken clouds
167,Roald,62.5833,6.1333,37.09,80,0,8.05,NO,clear sky
168,East London,-33.0153,27.9116,72.54,88,100,5.75,ZA,overcast clouds
169,Cabra,37.4725,-4.4421,49.95,62,8,3.06,ES,clear sky
170,Airai,-8.9266,125.4092,61.03,94,100,0.92,TL,overcast clouds
171,Moca,19.5,-70.5,77.05,61,20,9.22,DO,few clouds
172,Provideniya,64.3833,-173.3,-0.45,96,23,9.64,RU,few clouds
173,Kudahuvadhoo,2.6708,72.8944,79.57,64,79,13.78,MV,broken clouds
174,Severo-Kurilsk,50.6789,156.125,21.13,76,98,5.86,RU,overcast clouds
175,Vardo,70.3705,31.1107,31.98,74,0,19.57,NO,clear sky
176,Nuuk,64.1835,-51.7216,6.87,78,99,10.78,GL,overcast clouds
177,Zhigansk,66.7697,123.3711,-66.66,100,90,3.89,RU,overcast clouds
178,Ingham,42.6,-84.3833,29.17,79,100,11.5,US,overcast clouds
179,Kpandae,8.4689,-0.0113,89.92,13,71,4.05,GH,broken clouds
180,Namatanai,-3.6667,152.4333,77.95,84,81,3.8,PG,light rain
181,San Cristobal,7.7669,-72.225,78.98,45,72,5.28,VE,broken clouds
182,Broome,42.2506,-75.833,34.7,86,100,10.0,US,overcast clouds
183,Vao,-22.6667,167.4833,76.86,64,78,12.19,NC,broken clouds
184,Progreso,21.2833,-89.6667,75.11,71,41,18.95,MX,scattered clouds
185,Banff,51.1762,-115.5698,40.23,86,100,6.91,CA,overcast clouds
186,Male,4.1748,73.5089,80.55,69,75,6.91,MV,broken clouds
187,Bara,10.3744,10.7288,75.42,22,17,8.86,NG,few clouds
188,Kalmunai,7.4167,81.8167,75.29,76,84,6.69,LK,broken clouds
189,Nayoro,44.3506,142.4578,34.05,99,99,2.39,JP,light snow
190,Vila Franca Do Campo,37.7167,-25.4333,63.01,90,100,13.78,PT,overcast clouds
191,Krasnovishersk,60.4078,57.082,17.6,92,100,11.12,RU,overcast clouds
192,Pevek,69.7008,170.3133,-25.92,98,45,1.86,RU,scattered clouds
193,Deep River,46.1001,-77.4995,21.94,84,100,13.02,CA,overcast clouds
194,Torbay,47.6666,-52.7314,27.39,87,100,12.66,CA,overcast clouds
195,Qaqortoq,60.7167,-46.0333,1.06,85,14,6.85,GL,few clouds
196,Along,28.1667,94.7667,51.66,90,48,2.13,IN,scattered clouds
197,Geraldton,-28.7667,114.6,70.21,78,40,23.02,AU,scattered clouds
198,Beringovskiy,63.05,179.3167,-7.51,98,100,14.09,RU,overcast clouds
199,Sola,-13.8833,167.55,79.9,75,97,6.11,VU,overcast clouds
200,Oranjemund,-28.55,16.4333,63.59,83,7,15.99,NA,clear sky
201,Coihaique,-45.5752,-72.0662,65.01,48,75,9.22,CL,broken clouds
202,Sneek,53.033,5.6589,48.94,84,100,21.0,NL,overcast clouds
203,Gimli,50.6336,-96.9907,8.62,85,90,17.27,CA,overcast clouds
204,Claudio,-20.4433,-44.7658,74.52,78,100,3.36,BR,overcast clouds
205,Padang,-0.9492,100.3543,75.25,89,100,4.29,ID,light rain
206,Ko Samui,9.5357,99.9357,80.56,73,23,2.21,TH,few clouds
207,Kerman,30.2832,57.0788,30.06,86,0,4.61,IR,clear sky
208,Soc Trang,9.6033,105.98,74.1,92,100,2.86,VN,overcast clouds
209,Cherskiy,68.75,161.3,-32.53,99,100,3.87,RU,overcast clouds
210,Sitka,57.0531,-135.33,38.64,88,99,7.38,US,overcast clouds
211,Winnemucca,40.973,-117.7357,39.25,70,0,6.91,US,clear sky
212,Mogadishu,2.0371,45.3438,77.86,78,34,21.39,SO,scattered clouds
213,Carnarvon,-24.8667,113.6333,74.34,74,0,25.7,AU,clear sky
214,Oum Hadjer,13.2954,19.6966,77.63,18,7,9.1,TD,clear sky
215,Isoka,-10.1606,32.6335,63.36,94,68,1.43,ZM,light rain
216,Salinas,36.6777,-121.6555,60.08,79,100,5.99,US,overcast clouds
217,Tigbao,12.5546,123.3389,74.71,94,100,11.03,PH,light rain
218,Tiksi,71.6872,128.8694,-32.35,98,100,8.12,RU,overcast clouds
219,Walvis Bay,-22.9575,14.5053,70.75,68,40,8.05,NA,scattered clouds
220,Hobbs,32.7026,-103.136,57.29,24,0,16.11,US,clear sky
221,Baillif,16.0202,-61.7463,81.9,64,8,11.07,GP,clear sky
222,Ust-Kuyga,70.0167,135.6,-32.73,99,100,2.28,RU,overcast clouds
223,Arlit,18.7369,7.3853,70.95,11,78,8.75,NE,broken clouds
224,Jiayuguan,39.8167,98.3,7.84,43,100,3.29,CN,overcast clouds
225,Isangel,-19.55,169.2667,75.74,79,44,9.8,VU,scattered clouds
226,Saint George,37.1041,-113.5841,48.43,56,0,0.0,US,clear sky
227,Cukai,4.25,103.4167,78.75,91,88,2.89,MY,overcast clouds
228,Lorengau,-2.0226,147.2712,81.81,76,92,11.12,PG,overcast clouds
229,Arraial Do Cabo,-22.9661,-42.0278,91.36,62,40,14.97,BR,scattered clouds
230,Havoysund,70.9963,24.6622,35.83,81,58,24.72,NO,broken clouds
231,Ewa Beach,21.3156,-158.0072,69.4,82,1,3.15,US,clear sky
232,Hendrina,-26.1588,29.7153,61.36,58,4,7.02,ZA,clear sky
233,Inhambane,-23.865,35.3833,82.38,78,20,9.22,MZ,few clouds
234,Marzuq,14.4,46.4667,62.08,75,87,7.0,YE,overcast clouds
235,Husavik,66.0449,-17.3389,13.5,93,77,8.32,IS,broken clouds
236,Port Blair,11.6667,92.75,78.84,83,40,2.3,IN,mist
237,Laguna,38.421,-121.4238,65.17,57,100,9.22,US,light rain
238,Faya,18.3851,42.4509,55.51,81,68,5.26,SA,broken clouds
239,Labytnangi,66.6572,66.4183,-8.99,99,97,4.32,RU,overcast clouds
240,Mandan,46.8267,-100.8896,18.81,84,20,18.41,US,few clouds
241,Atar,20.5169,-13.0499,79.18,13,0,10.47,MR,clear sky
242,Cleethorpes,53.5605,-0.0323,48.45,76,75,17.27,GB,broken clouds
243,Santiago,-33.4569,-70.6483,88.29,20,0,10.36,CL,clear sky
244,Grindavik,63.8424,-22.4338,28.87,64,0,19.57,IS,clear sky
245,Sovetskiy,61.3614,63.5842,16.75,87,99,10.65,RU,overcast clouds
246,Lexington,37.9887,-84.4777,36.72,83,100,6.91,US,overcast clouds
247,Carballo,43.213,-8.691,57.87,91,97,7.92,ES,overcast clouds
248,Kaitangata,-46.2817,169.8464,48.06,91,44,4.05,NZ,scattered clouds
249,Finnsnes,69.2296,17.9811,28.76,97,100,5.08,NO,overcast clouds
250,Constitucion,-35.3333,-72.4167,69.21,57,5,16.51,CL,clear sky
251,Ilulissat,69.2167,-51.1,-8.16,70,75,6.6,GL,broken clouds
252,Chuy,-33.6971,-53.4616,72.7,64,100,3.06,UY,overcast clouds
253,Mayo,38.8876,-76.5119,51.24,61,40,11.5,US,scattered clouds
254,Victoria,22.2855,114.1577,75.25,91,12,4.0,HK,few clouds
255,Sorland,67.667,12.6934,37.26,74,10,12.44,NO,clear sky
256,Lakatoro,-16.0999,167.4164,78.85,83,76,7.85,VU,broken clouds
257,Lodja,-3.4833,23.4333,70.0,87,76,2.24,CD,broken clouds
258,Petropavlovsk-Kamchatskiy,53.0452,158.6483,1.99,72,75,6.71,RU,broken clouds
259,Awjilah,29.1081,21.2869,59.49,59,48,9.84,LY,scattered clouds
260,Canutama,-6.5339,-64.3831,72.23,97,100,5.95,BR,overcast clouds
261,Hamilton,39.1834,-84.5333,36.23,83,100,11.99,US,moderate rain
262,Namibe,-15.1961,12.1522,75.13,79,96,10.74,AO,overcast clouds
263,Stornoway,58.2093,-6.3865,36.93,93,20,5.75,GB,few clouds
264,Porto Novo,6.4965,2.6036,84.02,69,29,9.46,BJ,scattered clouds
265,Sao Felix Do Xingu,-6.6447,-51.995,84.25,74,81,3.13,BR,broken clouds
266,Leh,34.1667,77.5833,10.4,73,98,4.79,IN,overcast clouds
267,Turayf,31.6725,38.6637,48.45,71,75,11.5,SA,broken clouds
268,Kijang,35.2442,129.2139,55.13,95,85,11.59,KR,light rain
269,Sisimiut,66.9395,-53.6735,8.29,79,99,16.87,GL,overcast clouds
270,Lae,-6.7221,146.9847,75.54,90,100,7.11,PG,overcast clouds
271,Asau,46.4333,26.4,31.28,84,83,3.83,RO,broken clouds
272,Galesong,-5.3166,119.3661,75.22,79,74,3.8,ID,broken clouds
273,Ngunguru,-35.6167,174.5,64.65,81,78,10.09,NZ,broken clouds
274,Kirakira,-10.4544,161.9205,78.31,87,100,7.9,SB,overcast clouds
275,Jaypur,18.85,82.5833,62.29,36,0,1.59,IN,clear sky
276,Vredendal,-31.6683,18.5012,70.03,56,55,16.53,ZA,broken clouds
277,Axim,4.8699,-2.2405,81.99,73,8,9.46,GH,clear sky
278,Zaragoza,41.6561,-0.8773,55.85,69,0,12.66,ES,clear sky
279,Salvador,13.8333,-88.9167,81.05,34,31,4.54,SV,scattered clouds
280,Praia,14.9215,-23.5087,79.34,53,20,18.41,CV,few clouds
281,Bulgan,48.8125,103.5347,-19.79,83,2,4.27,MN,clear sky
282,Lebedyn,50.5852,34.4849,23.95,90,67,7.87,UA,broken clouds
283,Yichang,30.7144,111.2847,50.56,86,100,1.99,CN,overcast clouds
284,Pitimbu,-7.4706,-34.8086,88.39,66,35,12.26,BR,scattered clouds
285,Kununurra,-15.7667,128.7333,76.98,94,40,3.44,AU,scattered clouds
286,Eugene,44.0521,-123.0867,52.74,89,100,10.0,US,overcast clouds
287,Wanning,18.8003,110.3967,70.7,96,9,10.58,CN,clear sky
288,Kysyl-Syr,63.8986,122.7617,-69.29,100,77,1.52,RU,broken clouds
289,Lata,40.1629,-8.3327,57.81,87,86,0.94,PT,overcast clouds
290,Alberton,46.8168,-64.0654,35.73,98,100,20.51,CA,light snow
291,Sayat,38.7839,63.8803,-0.53,73,5,3.96,TM,clear sky
292,Lebu,-37.6167,-73.65,61.81,68,14,16.75,CL,few clouds
293,Baoning,25.3378,110.026,62.46,94,75,0.0,CN,broken clouds
294,Sao Filipe,14.8961,-24.4956,74.32,66,2,7.31,CV,clear sky
295,Poddorye,57.4695,31.1156,33.3,89,100,13.82,RU,light snow
296,Fayetteville,35.0527,-78.8784,57.72,51,0,13.0,US,clear sky
297,Beloha,-25.1667,45.05,75.81,81,12,17.2,MG,few clouds
298,Verkhnyaya Inta,65.9811,60.3094,16.81,87,100,17.47,RU,overcast clouds
299,Plakhtiyivka,46.1006,29.7217,34.16,91,87,5.21,UA,overcast clouds
300,Tyazhinskiy,56.116,88.524,6.67,88,100,17.27,RU,overcast clouds
301,Touros,-5.1989,-35.4608,84.33,66,9,14.72,BR,clear sky
302,Requena,39.4883,-1.1004,50.79,59,70,3.4,ES,broken clouds
303,Manono,-7.3,27.4167,69.35,92,60,2.1,CD,broken clouds
304,Bhadrachalam,17.6667,80.8833,66.61,80,11,4.12,IN,few clouds
305,Farsund,58.0948,6.8047,42.06,100,100,16.91,NO,overcast clouds
306,Sur,22.5667,59.5289,66.11,51,11,18.05,OM,few clouds
307,Saint Anthony,45.0205,-93.218,20.25,88,100,4.61,US,overcast clouds
308,Huarmey,-10.0681,-78.1522,74.35,71,89,10.56,PE,overcast clouds
309,Pierre,44.3683,-100.351,26.98,89,28,9.73,US,scattered clouds
310,Mackenzie,55.2999,-123.1698,30.42,93,100,4.61,CA,snow
311,Tura,25.5198,90.2201,57.83,43,0,2.3,IN,clear sky
312,Franca,-20.5386,-47.4008,74.25,78,99,7.02,BR,overcast clouds
313,Mehkerek,46.7833,21.45,39.76,83,100,6.13,HU,overcast clouds
314,Tawang,27.5833,91.8667,30.88,87,66,1.45,IN,broken clouds
315,Kedgwick,47.6446,-67.3434,25.21,96,100,12.86,CA,snow
316,Ramos Arizpe,25.55,-100.9667,63.82,45,0,0.0,MX,clear sky
317,Fairbanks,64.8378,-147.7164,4.6,84,100,0.4,US,overcast clouds
318,Kenora,49.8167,-94.4337,9.57,92,100,11.5,CA,overcast clouds
319,Contamana,-7.3333,-75.0167,97.48,32,90,7.45,PE,overcast clouds
320,Brigantine,39.4101,-74.3646,53.1,84,100,1.99,US,overcast clouds
321,San Patricio,28.017,-97.5169,62.19,30,0,10.07,US,clear sky
322,Baykit,61.67,96.37,-19.91,99,100,1.41,RU,overcast clouds
323,Yoichi,43.2039,140.7703,41.07,82,68,7.47,JP,broken clouds
324,Boyolangu,-8.1181,111.8935,74.71,85,75,2.26,ID,broken clouds
325,Toppenish,46.3774,-120.3087,42.87,92,100,1.05,US,overcast clouds
326,Malacatepec,18.9333,-98.3,64.83,32,5,4.76,MX,clear sky
327,Fort Nelson,58.8053,-122.7002,8.19,85,100,2.3,CA,light snow
328,Turukhansk,65.8167,87.9833,-35.95,89,30,8.14,RU,scattered clouds
329,Porto Velho,-8.7619,-63.9039,75.25,94,75,1.14,BR,moderate rain
330,Tautira,-17.7333,-149.15,79.86,80,100,22.57,PF,light rain
331,Chengde,40.9725,117.9361,19.98,45,100,8.95,CN,overcast clouds
332,Clyde,41.3042,-82.9752,31.17,81,100,17.13,US,overcast clouds
333,Concarneau,47.875,-3.9225,52.09,89,100,9.73,FR,overcast clouds
334,Mbandaka,0.0487,18.2603,77.99,59,44,3.33,CD,scattered clouds
335,Meulaboh,4.1363,96.1285,76.06,88,98,2.08,ID,overcast clouds
336,Yumen,40.2833,97.2,7.29,38,99,0.78,CN,overcast clouds
337,Galveston,29.3669,-94.9669,60.04,42,22,8.01,US,few clouds
338,Yerbogachen,61.2767,108.0108,-29.74,99,100,1.25,RU,overcast clouds
339,Junin,-34.5838,-60.9433,88.9,22,1,11.56,AR,clear sky
340,Pathein,16.7833,94.7333,65.98,72,1,6.22,MM,clear sky
341,Aranos,-24.1333,19.1167,87.44,11,51,13.06,NA,broken clouds
342,Guerrero Negro,27.9769,-114.0611,69.93,34,22,0.81,MX,few clouds
343,Paita,-5.0892,-81.1144,75.61,65,89,11.83,PE,overcast clouds
344,Plettenberg Bay,-34.0527,23.3716,68.58,76,51,2.42,ZA,broken clouds
345,Lufilufi,-13.8745,-171.5986,76.78,69,48,12.48,WS,scattered clouds
346,Fonte Boa,-2.4959,-66.2662,73.69,96,100,3.09,BR,overcast clouds
347,Belaya Gora,68.5333,146.4167,-32.67,98,100,3.85,RU,overcast clouds
348,Hibbing,47.4272,-92.9377,12.56,91,93,3.83,US,overcast clouds
349,Saurimo,-9.6608,20.3916,63.36,98,99,4.99,AO,heavy intensity rain
350,Alofi,-19.0595,-169.9187,71.49,100,20,3.44,NU,few clouds
351,Muros,42.7762,-9.0603,57.69,88,100,13.2,ES,overcast clouds
352,Darhan,49.4867,105.9228,-22.45,92,5,6.04,MN,clear sky
353,Ostrovnoy,68.0531,39.5131,33.17,89,100,20.18,RU,overcast clouds
354,Quilali,13.567,-86.026,82.89,50,67,9.64,NI,broken clouds
355,Plainfield,40.6168,-74.4173,55.09,83,75,11.5,US,broken clouds
356,Vila Velha,-20.3297,-40.2925,87.75,76,40,19.57,BR,scattered clouds
357,Conceicao Do Araguaia,-8.2578,-49.2647,85.6,65,93,3.31,BR,overcast clouds
358,Severo-Yeniseyskiy,60.3725,93.0408,-9.65,100,100,2.51,RU,overcast clouds
359,Ahipara,-35.1667,173.1667,60.73,92,16,5.48,NZ,few clouds
360,Bathsheba,13.2167,-59.5167,83.01,69,75,17.27,BB,broken clouds
361,Vostok,46.4856,135.8833,-6.54,99,99,4.43,RU,overcast clouds
362,Sept-Iles,50.2001,-66.3821,21.2,92,100,11.5,CA,snow
363,Kaoma,-14.7833,24.8,63.05,96,90,4.16,ZM,overcast clouds
364,Khromtau,50.2503,58.4347,2.64,94,36,8.66,KZ,scattered clouds
365,Hobyo,5.3505,48.5268,77.54,72,4,20.54,SO,clear sky
366,Broken Hill,-31.95,141.4333,82.27,28,67,10.25,AU,broken clouds
367,Port Lincoln,-34.7333,135.8667,73.8,57,0,11.07,AU,clear sky
368,Bilibino,68.0546,166.4372,-28.82,98,69,3.22,RU,broken clouds
369,Esperance,-33.8667,121.9,63.43,70,49,22.59,AU,scattered clouds
370,Quesnel,52.9999,-122.5029,43.12,87,100,10.49,CA,overcast clouds
371,Stephenville,32.2207,-98.2023,54.39,32,0,1.01,US,clear sky
372,Kholtoson,50.2981,103.3097,-26.16,96,6,4.36,RU,clear sky
373,Atikokan,48.7555,-91.6216,11.59,91,96,4.12,CA,overcast clouds
374,Seoul,37.5683,126.9778,42.24,95,100,1.61,KR,overcast clouds
375,Epe,6.5841,3.9834,80.13,72,32,7.74,NG,scattered clouds
376,Tigil,57.8,158.6667,8.71,98,100,1.03,RU,overcast clouds
377,Abu Samrah,35.3029,37.1841,46.6,78,100,4.43,SY,overcast clouds
378,Hals,56.9961,10.3081,44.01,93,100,19.46,DK,overcast clouds
379,Bayonne,43.3333,-1.4167,54.23,87,75,0.0,FR,broken clouds
380,Ngaoundere,7.3167,13.5833,70.74,23,8,5.77,CM,clear sky
381,Champerico,14.3,-91.9167,82.67,69,10,7.16,GT,clear sky
382,Kawalu,-7.3817,108.2082,71.31,88,81,2.73,ID,broken clouds
383,Nioro,13.35,-15.75,94.28,9,1,8.34,GM,clear sky
384,Saint-Georges,12.0564,-61.7485,79.74,72,2,13.24,GD,clear sky
385,Timra,62.487,17.3257,28.08,100,100,5.75,SE,snow
386,Nykoping,58.753,17.0079,41.29,87,75,10.36,SE,broken clouds
387,Taoudenni,22.6783,-3.9836,74.79,16,0,9.86,ML,clear sky
388,Ballina,-28.8667,153.5667,66.02,94,64,6.33,AU,broken clouds
389,Hachinohe,40.5,141.5,44.31,77,100,4.85,JP,moderate rain
390,Simbahan,6.3032,120.5836,80.51,81,100,22.08,PH,moderate rain
391,Tavda,58.0425,65.2726,17.55,84,94,12.35,RU,overcast clouds
392,Humberto De Campos,-2.5983,-43.4611,87.66,52,89,11.03,BR,overcast clouds
393,North Bend,43.4065,-124.2243,51.85,100,100,7.45,US,overcast clouds
394,Japura,-0.3167,102.35,73.87,98,100,1.97,ID,overcast clouds
395,Ilanskiy,56.2358,96.065,6.89,87,100,17.52,RU,overcast clouds
396,Marawi,7.9986,124.2928,68.97,98,100,1.52,PH,overcast clouds
397,Redmond,47.674,-122.1215,54.05,91,100,5.99,US,light rain
398,Mahibadhoo,3.7833,72.9667,79.34,64,44,13.51,MV,scattered clouds
399,Clyde River,70.4692,-68.5914,-21.41,85,17,3.65,CA,few clouds
400,Chippewa Falls,44.9369,-91.3929,24.42,84,66,4.74,US,broken clouds
401,Songkhla,6.8333,100.6667,75.25,96,69,1.41,TH,broken clouds
402,Truth Or Consequences,33.1284,-107.2528,47.91,24,1,1.12,US,clear sky
403,Behbahan,30.5959,50.2417,56.37,53,45,1.97,IR,scattered clouds
404,Poltavka,54.3663,71.7632,9.23,94,97,11.79,RU,overcast clouds
405,Nova Aurora,-22.8667,-52.5667,81.75,68,99,6.76,BR,light rain
406,Halifax,44.6453,-63.5724,50.68,97,100,29.93,CA,mist
407,Te Anau,-45.4167,167.7167,48.09,93,22,1.32,NZ,few clouds
408,Senador Jose Porfirio,-2.5908,-51.9542,87.15,57,43,2.89,BR,scattered clouds
409,Elban,50.1018,136.5094,-2.76,97,100,0.18,RU,overcast clouds
410,Richards Bay,-28.783,32.0377,76.64,83,18,13.47,ZA,few clouds
411,Dashitou,43.3067,128.5114,6.49,93,100,12.12,CN,light snow
412,Oktyabrskoye,43.0645,44.7417,14.14,92,100,0.0,RU,fog
413,Neyshabur,36.2133,58.7958,19.2,46,0,1.05,IR,clear sky
414,Labuhan,-6.8844,112.2051,76.87,85,63,7.94,ID,broken clouds
415,Padampur,29.6833,73.6167,48.67,36,0,9.8,IN,clear sky
416,Tecoanapa,16.5167,-98.75,82.94,57,6,7.76,MX,clear sky
417,Nome,64.5011,-165.4064,-5.82,95,11,5.66,US,few clouds
418,Namwala,-15.7504,26.4384,65.43,93,99,5.88,ZM,moderate rain
419,Santa Rosa,14.3122,121.1114,77.11,85,100,7.14,PH,overcast clouds
420,Amarante Do Maranhao,-5.5667,-46.7422,80.89,83,89,3.83,BR,overcast clouds
421,Abu Zabad,12.35,29.25,70.32,19,56,12.28,SD,broken clouds
422,Labuan,5.2767,115.2417,77.36,94,20,0.0,MY,few clouds
423,Fortuna,40.5982,-124.1573,53.92,94,20,12.66,US,few clouds
424,Roebourne,-20.7833,117.1333,87.33,43,15,3.76,AU,light rain
425,Grand Gaube,-20.0064,57.6608,78.39,71,46,3.0,MU,scattered clouds
426,Boguchany,58.3814,97.4531,5.49,94,100,8.05,RU,light snow
427,Siocon,7.7061,122.1353,77.43,90,100,7.78,PH,light rain
428,Los Gatos,37.2266,-121.9747,56.32,86,100,11.99,US,moderate rain
429,Meridian,43.6121,-116.3915,43.32,71,100,11.5,US,overcast clouds
430,Bagdarin,54.4333,113.6,-25.91,91,40,3.71,RU,scattered clouds
431,Codrington,-38.2667,141.9667,59.2,90,11,7.0,AU,few clouds
432,Cangzhou,38.3167,116.8667,28.98,35,98,13.8,CN,light snow
433,La Libertad,-2.2333,-80.9,78.1,69,100,8.25,EC,overcast clouds
434,Angoche,-16.2325,39.9086,79.0,85,94,1.83,MZ,light rain
435,Quatre Cocos,-20.2078,57.7625,78.1,74,62,13.96,MU,broken clouds
436,Komsomolskiy,40.4272,71.7189,11.12,72,9,4.61,UZ,mist
437,Coxim,-18.5067,-54.76,83.93,72,96,10.69,BR,light rain
438,Muroto,33.2833,134.15,63.91,96,100,22.28,JP,light rain
439,Bairiki,1.3292,172.9752,80.87,78,75,14.85,KI,light rain
440,Inawayan,6.9608,125.4733,77.31,87,100,5.03,PH,moderate rain
441,Kajaani,64.2273,27.7285,32.05,100,100,5.75,FI,overcast clouds
442,Banjar,-8.19,114.9675,76.93,90,98,3.98,ID,overcast clouds
443,Haga,52.0767,4.2986,48.94,82,75,20.71,NL,broken clouds
444,Monywa,22.1167,95.1333,64.65,48,0,1.97,MM,clear sky
445,Aswan,24.0934,32.907,59.67,33,21,9.13,EG,few clouds
446,Tessalit,20.1986,1.0114,72.28,14,84,8.52,ML,broken clouds
447,Tutoia,-2.7619,-42.2744,84.2,63,87,14.09,BR,overcast clouds
448,Kulhudhuffushi,6.6221,73.07,79.34,65,15,7.16,MV,few clouds
449,Laurel,39.0993,-76.8483,50.76,63,0,12.66,US,clear sky
450,Tibacuy,4.3511,-72.4564,91.44,42,55,11.41,CO,broken clouds
451,Saint-Francois,46.4154,3.9054,45.84,77,40,4.61,FR,scattered clouds
452,Hovd,48.0056,91.6419,-6.56,73,14,1.45,MN,few clouds
453,Mchinji,-13.7984,32.8802,63.88,93,48,1.7,MW,light rain
454,Skibbereen,51.55,-9.2667,51.12,95,100,23.44,IE,overcast clouds
455,Rosita,13.9268,-84.4032,84.97,53,84,6.22,NI,broken clouds
456,Anastasiyevskaya,45.2158,37.8926,28.89,78,72,4.21,RU,broken clouds
457,Huaiyuan,32.973,117.1995,45.55,86,100,19.26,CN,overcast clouds
458,Misratah,32.3754,15.0925,61.38,71,67,11.05,LY,light rain
459,Mantua,45.1667,10.7833,42.98,91,100,2.06,IT,overcast clouds
460,Kruisfontein,-34.0033,24.7314,68.88,73,11,5.23,ZA,few clouds
461,Sonqor,34.7837,47.6004,29.39,69,38,1.86,IR,scattered clouds
462,Viedma,-40.8135,-62.9967,81.99,20,0,14.47,AR,clear sky
463,Venado Tuerto,-33.7456,-61.9688,90.9,10,2,10.98,AR,clear sky
464,Hiroshima,34.3963,132.4594,56.55,98,100,2.46,JP,light rain
465,Matagami,49.7502,-77.6328,-0.29,78,40,14.97,CA,scattered clouds
466,Pacific Grove,36.6177,-121.9166,59.11,85,100,10.36,US,light rain
467,Kargasok,59.0556,80.8572,0.43,95,97,7.76,RU,overcast clouds
468,Lusambo,-4.9667,23.45,71.71,79,54,1.66,CD,broken clouds
469,Gawler,-34.6,138.7333,87.31,27,1,12.08,AU,clear sky
470,Baghmara,23.795,86.2085,64.2,43,0,2.15,IN,clear sky
471,Srednekolymsk,67.45,153.6833,-29.18,96,100,6.2,RU,overcast clouds
472,Alamosa,37.4695,-105.87,33.78,37,0,0.0,US,clear sky
473,Luau,-10.7073,22.2247,63.43,97,90,2.8,AO,overcast clouds
474,Aanekoski,62.6946,25.818,33.87,96,100,8.14,FI,overcast clouds
475,Gat,31.61,34.7642,56.08,60,63,7.16,IL,broken clouds
476,Keti Bandar,24.1447,67.4497,63.97,17,1,10.6,PK,clear sky
477,Mount Pleasant,32.7941,-79.8626,63.07,66,75,12.66,US,broken clouds
478,Nouadhibou,20.931,-17.0347,69.98,58,0,7.63,MR,clear sky
479,Opuwo,-18.0607,13.84,74.12,54,93,23.85,NA,overcast clouds
480,Dekernes,31.0876,31.595,50.88,71,21,7.4,EG,few clouds
481,Los Llanos De Aridane,28.6585,-17.9182,64.15,74,75,13.0,ES,broken clouds
482,Sinnamary,5.3833,-52.95,80.26,75,66,11.14,GF,broken clouds
483,Uglegorsk,49.0833,142.0333,5.04,88,73,17.22,RU,broken clouds
484,Hirara,24.8,125.2833,73.36,82,54,19.71,JP,broken clouds
485,Bonthe,7.5264,-12.505,83.19,61,10,11.36,SL,clear sky
486,High Level,58.5169,-117.136,19.51,100,100,5.75,CA,light snow
487,Hualmay,-11.0964,-77.6139,74.48,69,86,10.09,PE,overcast clouds
488,Nakusp,50.2499,-117.8023,42.51,100,100,1.61,CA,overcast clouds
489,Balakovo,52.0278,47.8007,4.28,92,38,4.27,RU,scattered clouds
490,Shenzhen,22.5455,114.0683,75.15,96,35,2.04,CN,scattered clouds
491,Presov,49.1667,21.25,40.51,96,100,6.46,SK,overcast clouds
492,Gamba,-2.65,10.0,78.21,79,57,6.04,GA,broken clouds
493,Bom Jesus,-9.0744,-44.3586,92.19,38,70,2.59,BR,broken clouds
494,Priargunsk,50.3691,119.1012,-40.72,100,20,1.74,RU,few clouds
495,Rypefjord,70.6333,23.6667,34.27,100,75,17.27,NO,light shower sleet
496,Iqaluit,63.7506,-68.5145,-21.12,91,53,15.41,CA,broken clouds
497,Xining,36.6167,101.7667,8.6,67,100,4.07,CN,overcast clouds
498,Flin Flon,54.7682,-101.865,15.37,94,95,3.06,CA,overcast clouds
499,Lasa,46.6166,10.7002,34.02,90,47,7.63,IT,light snow
500,Tabursuq,36.4569,9.2475,52.11,72,96,4.0,TN,overcast clouds
501,Meadow Lake,34.8014,-106.5436,52.39,44,7,3.6,US,clear sky
502,Sakaiminato,35.55,133.2333,56.03,94,100,7.45,JP,overcast clouds
503,Comodoro Rivadavia,-45.8667,-67.5,78.66,29,0,20.71,AR,clear sky
504,Svrljig,43.4133,22.1211,41.5,90,73,4.03,RS,broken clouds
505,Otorohanga,-38.1833,175.2,61.32,90,81,0.4,NZ,broken clouds
506,Morwell,-38.2333,146.4,64.4,99,34,2.1,AU,scattered clouds
507,Huangmei,30.1924,116.025,56.64,93,100,5.21,CN,overcast clouds
508,Porterville,36.0652,-119.0168,57.15,72,0,0.0,US,clear sky
509,Barahona,18.2085,-71.1008,85.82,70,20,16.11,DO,few clouds
510,Burriana,39.889,-0.085,59.67,57,45,2.44,ES,scattered clouds
511,Storforshei,66.4043,14.5233,31.66,86,75,4.61,NO,broken clouds
512,Pemangkat,1.1667,108.9667,77.0,86,90,3.69,ID,overcast clouds
513,Valdivia,-39.8142,-73.2459,74.26,38,23,4.05,CL,few clouds
514,Akyab,20.15,92.9,65.91,61,0,10.98,MM,clear sky
515,Maningrida,-12.0667,134.2667,78.85,77,99,8.25,AU,overcast clouds
516,Kavieng,-2.5744,150.7967,81.66,74,63,7.96,PG,broken clouds
517,Muncar,-8.4333,114.3333,75.56,86,92,3.78,ID,overcast clouds
518,Ocos,14.5094,-92.1933,89.78,70,19,7.9,GT,few clouds
519,Hofn,64.2539,-15.2082,24.82,63,20,14.97,IS,few clouds
520,Harrisburg,40.2737,-76.8844,44.78,71,100,21.85,US,overcast clouds
521,Kamenka,51.3223,42.7678,12.45,92,72,10.49,RU,broken clouds
522,Armidale,-30.5167,151.65,53.15,98,94,5.75,AU,overcast clouds
523,Orcopampa,-15.2661,-72.3417,62.6,17,48,11.63,PE,scattered clouds
524,Yeppoon,-23.1333,150.7333,67.78,79,100,11.81,AU,overcast clouds
525,Novo Aripuana,-5.1206,-60.3797,81.01,88,100,2.13,BR,light rain
526,Dubasari,47.2631,29.1608,29.19,83,96,4.99,MD,overcast clouds
527,Joaquim Gomes,-9.1373,-35.7519,86.25,49,46,14.61,BR,scattered clouds
528,Forbes,-33.3833,148.0167,70.92,68,26,5.3,AU,scattered clouds
529,Sao Geraldo Do Araguaia,-6.4006,-48.555,82.87,80,86,2.68,BR,overcast clouds
530,Belmonte,-15.8631,-38.8828,82.18,66,21,9.95,BR,few clouds
531,Wentzville,38.8114,-90.8529,29.88,59,57,10.65,US,broken clouds
532,Mezen,65.8522,44.24,23.45,93,98,8.84,RU,overcast clouds
533,Vilyuysk,63.7553,121.6247,-71.09,100,86,1.95,RU,overcast clouds
534,Ken Caryl,39.5773,-105.1169,54.34,40,51,5.99,US,broken clouds
535,Saint-Augustin,51.226,-58.6502,21.13,93,97,4.9,CA,light snow
536,Hailar,49.2,119.7,-26.37,97,7,6.46,CN,clear sky
537,Bandarbeyla,9.4942,50.8122,76.24,76,57,19.75,SO,broken clouds
538,Watsa,3.0372,29.5355,72.5,47,90,2.06,CD,overcast clouds
539,Sindor,62.8629,51.8905,21.43,94,100,11.05,RU,light snow
540,Westport,41.1415,-73.3579,55.33,88,100,5.01,US,overcast clouds
541,Toamasina,-18.1667,49.3833,76.3,88,83,5.35,MG,moderate rain
542,Verkh-Usugli,52.7,115.1667,-26.54,96,7,3.47,RU,clear sky
543,Korla,41.7597,86.1469,9.14,84,14,2.77,CN,few clouds
544,Pangai,-19.8,-174.35,81.84,76,94,6.22,TO,overcast clouds
545,Brateiu,46.1667,24.4167,42.15,85,90,1.63,RO,overcast clouds
546,Koungou,-12.7336,45.2042,78.51,89,0,5.75,YT,clear sky
547,Cap Malheureux,-19.9842,57.6142,78.48,71,48,1.99,MU,scattered clouds
548,Asyut,27.181,31.1837,56.32,47,16,5.59,EG,few clouds
549,Ketchikan,55.3422,-131.6461,37.71,92,100,4.21,US,overcast clouds
550,Novoagansk,61.9449,76.6625,0.41,97,100,8.43,RU,light snow
551,Jalu,29.0331,21.5482,59.81,59,65,10.16,LY,broken clouds
552,Tomatlan,19.9333,-105.25,89.37,25,0,4.94,MX,clear sky
553,Tezu,27.9167,96.1667,58.77,43,48,4.56,IN,scattered clouds
554,Las Vegas,36.175,-115.1372,58.6,50,0,3.44,US,clear sky
555,Birao,10.2849,22.7882,75.2,21,2,6.31,CF,clear sky
556,Brae,60.3964,-1.353,41.92,74,97,15.08,GB,overcast clouds
557,Zhovtneve,50.6637,24.2492,40.35,78,100,10.78,UA,overcast clouds
558,Morehead,37.2711,-87.1764,32.99,94,100,8.05,US,overcast clouds
559,Granard,53.7667,-7.5,41.5,94,100,10.45,IE,heavy intensity rain
560,Dzaoudzi,-12.7887,45.2699,78.69,89,0,5.75,YT,clear sky
561,Kavaratti,10.5669,72.642,80.4,64,100,8.57,IN,overcast clouds
562,West Bay,19.3667,-81.4167,82.08,72,11,1.99,KY,few clouds
563,Kuryk,43.2,51.65,25.65,38,0,28.97,KZ,clear sky
564,Mareeba,-17.0,145.4333,73.44,97,100,2.44,AU,overcast clouds
565,Karatau,43.1667,70.4667,-3.06,94,35,2.48,KZ,scattered clouds
566,Melchor De Mencos,17.0686,-89.1522,80.6,74,20,4.61,GT,light rain
567,Vorukh,39.8494,70.5838,8.76,48,2,6.73,TJ,clear sky
568,Cururupu,-1.8283,-44.8683,86.23,57,75,8.39,BR,broken clouds
569,Plouzane,48.3833,-4.6167,50.18,93,100,10.36,FR,light intensity drizzle
570,Dicabisagan,17.0818,122.4157,74.08,91,91,0.54,PH,overcast clouds
571,Mabaruma,8.2,-59.7833,79.95,78,47,5.53,GY,scattered clouds
572,Kopavogur,64.1123,-21.913,28.62,76,96,9.51,IS,overcast clouds
573,Miramar,25.9873,-80.2323,83.01,49,0,19.57,US,clear sky
574,Poum,-20.2333,164.0167,78.39,75,16,10.67,NC,few clouds
575,Boende,-0.2167,20.8667,79.25,56,82,0.76,CD,broken clouds
576,Tahe,52.3333,124.7333,-30.91,98,9,3.8,CN,clear sky
577,Itarema,-2.9248,-39.9167,86.41,57,97,16.73,BR,overcast clouds
578,Oyonnax,46.2592,5.6573,46.53,93,85,4.47,FR,overcast clouds
579,Santa Isabel,-23.3156,-46.2214,73.11,79,94,9.93,BR,overcast clouds
580,Nabire,-3.3667,135.4833,76.1,89,88,2.98,ID,overcast clouds
581,Goundam,16.4145,-3.6708,77.27,9,81,10.8,ML,broken clouds
582,Ullapool,57.8987,-5.1604,38.35,92,63,4.54,GB,broken clouds
583,Nicoya,10.1483,-85.452,86.23,49,100,15.03,CR,overcast clouds
584,Cervo,43.6702,-7.4101,58.96,86,83,7.76,ES,broken clouds
585,Mindelo,16.8901,-24.9804,74.75,57,20,21.85,CV,few clouds
586,Amravati,20.9333,77.75,68.59,51,0,4.97,IN,clear sky
587,Kochetok,49.8801,36.7372,22.95,95,79,7.58,UA,broken clouds
588,San Nicolas,18.1725,120.5953,71.51,100,20,4.61,PH,few clouds
589,Tongchuan,35.0806,109.0897,27.14,42,100,15.37,CN,overcast clouds
590,Dehloran,32.6941,47.2679,55.96,43,51,6.06,IR,broken clouds
591,Oropoli,13.8167,-86.8167,84.74,45,56,11.27,HN,broken clouds
592,George,-33.963,22.4617,67.03,75,27,5.12,ZA,scattered clouds
593,Xuddur,4.1213,43.8894,77.43,26,18,10.58,SO,few clouds
594,Palana,59.1167,159.9667,3.27,89,100,4.76,RU,overcast clouds
595,Jizan,17.3333,42.6667,78.82,70,95,2.48,SA,overcast clouds
596,Bangolo,7.0069,-7.475,85.64,21,58,1.05,CI,broken clouds
597,Sidi Ali,36.0998,0.4206,54.5,85,43,2.68,DZ,scattered clouds
598,Muret,43.3333,1.25,55.4,92,35,1.99,FR,scattered clouds
599,Oyama,36.3,139.8,50.59,36,73,1.95,JP,broken clouds
600,Najran,17.4924,44.1277,68.81,37,91,11.52,SA,overcast clouds
601,Red Deer,52.2668,-113.802,14.29,93,100,0.67,CA,overcast clouds
602,Jadu,31.953,12.0261,48.87,70,17,7.58,LY,few clouds
603,Plymouth,41.8334,-70.8328,55.22,89,100,9.22,US,light rain
604,Ventaquemada,5.3675,-73.5208,65.68,56,95,4.34,CO,overcast clouds
605,Sembe,1.6481,14.5806,80.06,38,25,1.7,CG,scattered clouds
606,Sao Gabriel Da Cachoeira,-0.1303,-67.0892,77.38,93,99,1.9,BR,overcast clouds
607,Thunder Bay,48.4001,-89.3168,12.11,73,75,5.75,CA,broken clouds
608,Pisco,-13.7,-76.2167,75.25,64,0,8.05,PE,clear sky
609,Ikornnes,62.3873,6.557,37.09,82,93,4.0,NO,overcast clouds
610,Ossora,59.2353,163.0719,4.17,83,100,7.78,RU,overcast clouds
611,Berkakit,56.5807,124.7681,-43.38,98,98,4.12,RU,overcast clouds
612,Damaturu,11.747,11.9608,71.89,20,19,10.58,NG,few clouds
613,Polyanka,50.2584,27.6881,32.27,95,89,8.61,UA,overcast clouds
614,Cabinda,-5.55,12.2,78.69,80,50,7.94,AO,scattered clouds
615,Yugorsk,61.3133,63.3319,17.15,87,98,10.85,RU,overcast clouds
616,Caucaia,-3.7361,-38.6531,85.95,71,40,14.97,BR,scattered clouds
617,Anshun,26.25,105.9333,46.98,84,1,7.2,CN,clear sky
618,Urucui,-7.2294,-44.5561,85.78,60,71,0.96,BR,broken clouds
619,Calvinia,-31.4707,19.776,81.14,19,11,8.77,ZA,few clouds
620,Mehamn,71.0357,27.8492,35.55,75,40,18.41,NO,scattered clouds
621,Caninde De Sao Francisco,-9.66,-37.7894,92.28,36,85,11.03,BR,overcast clouds
622,Palmas Bellas,9.2319,-80.0867,85.24,85,88,10.33,PA,light rain
623,Amboasary,-25.0333,46.3833,75.85,85,4,10.38,MG,clear sky
624,Nelson Bay,-32.7167,152.15,73.0,85,100,7.0,AU,overcast clouds
625,Sinop,41.7711,34.8709,41.43,54,100,3.8,TR,overcast clouds
626,Teguldet,57.3064,88.1667,8.1,93,100,9.89,RU,overcast clouds
627,Sambava,-14.2667,50.1667,77.59,83,100,3.36,MG,light rain
628,Ayan,56.45,138.1667,-20.24,59,100,16.67,RU,overcast clouds
629,Rocha,-34.4833,-54.3333,81.63,32,100,9.42,UY,overcast clouds
630,Sicamous,50.8331,-118.9856,36.19,100,100,3.13,CA,overcast clouds
631,Lincoln,40.8,-96.667,23.97,87,100,1.01,US,haze
632,Dulovo,43.8167,27.15,40.55,93,99,2.51,BG,overcast clouds
633,Manakara,-22.1333,48.0167,75.51,91,100,6.4,MG,moderate rain
634,Pervomayskoye,43.919,46.7102,38.43,67,99,31.65,RU,overcast clouds
635,Colares,38.7992,-9.4469,60.76,72,20,15.01,PT,few clouds
636,Yueyang,29.3333,113.0919,49.73,75,100,20.22,CN,overcast clouds
637,Gbarnga,6.9956,-9.4722,87.53,28,23,2.24,LR,few clouds
638,Cayenne,4.9333,-52.3333,82.44,74,75,12.66,GF,broken clouds
639,Gemena,3.25,19.7667,78.17,30,54,3.65,CD,broken clouds
640,Bad Nenndorf,52.3333,9.3667,47.8,78,75,21.85,DE,light intensity shower rain
641,Wuning,29.2589,120.2311,60.24,97,34,1.48,CN,scattered clouds
642,Davila,18.4726,120.5763,71.58,77,78,4.68,PH,broken clouds
643,Hazebrouck,50.7237,2.5373,49.69,84,45,17.9,FR,scattered clouds
644,Bhadasar,28.2833,74.3167,52.75,35,0,11.23,IN,clear sky
645,Gazli,40.1333,63.45,12.67,70,4,11.65,UZ,clear sky
646,Chalchihuites,23.4833,-103.8833,59.83,25,0,5.35,MX,clear sky
647,Amot,59.5714,7.9877,24.39,93,98,5.17,NO,overcast clouds
648,Shaturtorf,55.5672,39.4169,20.73,93,100,10.16,RU,overcast clouds
649,Manokwari,-0.8667,134.0833,78.4,78,99,3.09,ID,overcast clouds
650,Sakakah,29.9697,40.2064,50.86,71,80,9.75,SA,broken clouds
651,Pokrovka,42.3414,78.0056,4.73,66,95,6.71,KG,overcast clouds
652,Watertown,42.3709,-71.1828,57.04,86,100,19.57,US,overcast clouds
653,Veraval,20.9,70.3667,65.66,53,0,11.12,IN,clear sky
654,Homer,59.6425,-151.5483,30.07,93,100,0.0,US,overcast clouds
655,Castle Bruce,15.4333,-61.2667,80.65,78,75,12.66,DM,broken clouds
656,Kampot,10.6167,104.1833,75.25,89,60,4.92,KH,broken clouds
657,Macas,-2.3167,-78.1167,83.95,47,20,11.5,EC,few clouds
658,Guiratinga,-16.3494,-53.7583,74.66,85,100,5.41,BR,overcast clouds
659,Coos Bay,43.3665,-124.2179,51.93,93,100,12.66,US,overcast clouds
660,Vestmannaeyjar,63.4427,-20.2734,31.19,80,0,32.21,IS,clear sky
661,Nehe,48.4833,124.8333,-17.03,83,5,5.48,CN,clear sky
662,Tombouctou,20.0,-3.0,72.79,10,91,8.68,ML,overcast clouds
663,Berezovyy,51.6667,135.7,-10.03,100,100,1.88,RU,overcast clouds
664,Paredon,16.0333,-93.8667,86.65,46,10,24.83,MX,clear sky
665,Collingswood,39.9182,-75.0713,49.24,73,100,14.97,US,overcast clouds
666,Fairmont,39.4851,-80.1426,37.38,93,100,1.99,US,light snow
667,Pangkalanbuun,-2.6833,111.6167,73.22,96,57,2.98,ID,broken clouds
668,Ravar,31.2656,56.8055,33.04,35,0,1.14,IR,clear sky
669,Marrakesh,31.6315,-8.0083,69.87,37,0,6.91,MA,clear sky
670,Aldan,58.6031,125.3894,-25.2,95,100,7.0,RU,overcast clouds
671,Nikel,69.4128,30.222,24.98,96,76,8.9,RU,broken clouds
672,Turkistan,43.0,68.0,6.73,89,9,3.36,KZ,clear sky
673,Pyapon,16.2833,95.6833,66.49,68,8,6.06,MM,clear sky
674,Tateyama,34.9833,139.8667,60.1,72,100,27.07,JP,overcast clouds
675,Nizhnevartovsk,60.9344,76.5531,6.82,85,100,8.99,RU,light snow
676,Severodvinsk,64.5635,39.8302,26.71,93,77,8.46,RU,broken clouds
677,Mayor Pablo Lagerenza,-19.9309,-60.7718,78.46,82,77,8.14,PY,broken clouds
678,Berdigestyakh,62.0989,126.6992,-57.64,100,99,0.54,RU,overcast clouds
679,Kapustin Yar,48.5831,45.7372,17.22,70,7,15.41,RU,clear sky
680,Novyy Urengoy,66.0833,76.6333,-13.47,97,100,12.97,RU,overcast clouds
681,Dagana,16.5165,-15.5068,88.29,7,95,11.18,MR,overcast clouds
682,Khomutovo,52.4658,104.4025,-19.59,98,41,3.62,RU,scattered clouds
683,Usinsk,65.9939,57.5281,16.2,95,100,16.67,RU,light snow
684,Runkel,50.4,8.1667,48.15,79,93,15.66,DE,overcast clouds
685,Hanamaki,39.3833,141.1167,41.59,91,100,0.74,JP,overcast clouds
686,Flagstaff,35.1981,-111.6513,50.52,44,0,5.75,US,clear sky
687,Kapit,2.0167,112.9333,73.13,99,82,0.47,MY,broken clouds
688,Shingu,33.7333,135.9833,59.79,95,100,7.49,JP,light rain
689,Siniscola,40.5719,9.6922,54.95,76,100,7.23,IT,overcast clouds
690,Kemijarvi,66.7131,27.4306,30.96,93,100,8.88,FI,overcast clouds
691,Turtas,58.9417,69.1325,14.79,93,100,9.04,RU,overcast clouds
692,Aitape,-3.1374,142.3475,76.98,88,94,2.64,PG,overcast clouds
693,Matara,5.9485,80.5353,72.9,88,19,6.26,LK,few clouds
694,Brockville,44.5834,-75.6826,27.72,93,100,10.0,CA,snow
695,Morros,-9.4467,-46.3003,85.53,52,79,3.85,BR,broken clouds
696,Nemuro,43.3236,145.575,36.23,83,64,5.03,JP,broken clouds
697,Richmond,37.5538,-77.4603,56.23,55,75,14.97,US,broken clouds
698,Gloversville,43.0528,-74.3438,37.74,91,100,12.66,US,overcast clouds
699,Paka,4.6374,103.4368,76.41,89,64,3.53,MY,broken clouds
700,Coahuayana,18.7333,-103.6833,89.35,32,2,4.05,MX,clear sky
701,Kayes,14.0,-11.0,90.9,11,87,4.72,ML,overcast clouds
702,Jaru,-10.4389,-62.4664,79.38,90,72,8.81,BR,broken clouds
703,Sitrah,26.1547,50.6206,64.4,82,22,2.3,BH,few clouds
704,Port Shepstone,-30.7414,30.455,75.45,88,6,2.06,ZA,clear sky
705,Antalaha,-14.9003,50.2788,76.19,86,98,3.27,MG,moderate rain
706,Kirovsk,48.6375,38.6428,26.04,93,100,10.94,UA,overcast clouds
707,Pleasant Point,-44.2667,171.1333,57.27,91,87,2.28,NZ,overcast clouds
708,Hungund,16.0667,76.05,72.1,32,6,6.42,IN,clear sky
709,Umm Lajj,25.0213,37.2685,68.22,57,16,11.63,SA,few clouds
710,Bayburt,40.2589,40.2278,20.84,71,100,4.41,TR,overcast clouds
711,Tambo,-14.8,-73.9167,53.47,35,11,14.23,PE,few clouds
712,Inverness,57.4791,-4.224,39.11,93,40,2.3,GB,scattered clouds
713,Segou,13.4317,-6.2157,83.71,12,14,7.18,ML,few clouds
714,Jamame,0.0722,42.7506,76.06,84,11,12.68,SO,few clouds
715,Neuquen,-38.9516,-68.0591,87.69,22,0,5.75,AR,clear sky
716,Gazanjyk,39.2446,55.5154,19.02,59,5,27.13,TM,clear sky
717,Sturgis,41.7992,-85.4192,31.8,80,100,11.5,US,overcast clouds
718,Tatarsk,55.219,75.9828,1.35,95,71,10.8,RU,broken clouds
719,Rio Gallegos,-51.6226,-69.2181,73.45,21,75,39.12,AR,broken clouds
720,Maniitsoq,65.4167,-52.9,10.96,92,100,17.2,GL,overcast clouds
721,Kaohsiung,22.6163,120.3133,76.03,78,61,1.99,TW,broken clouds
722,Wesselsbron,-27.8549,26.3658,76.68,18,1,5.97,ZA,clear sky
723,Ukiah,39.1502,-123.2078,53.15,93,100,8.05,US,light rain
724,Moerai,-22.4333,-151.3333,78.31,86,98,21.43,PF,moderate rain
725,Pochutla,15.7432,-96.4661,86.83,43,3,6.96,MX,clear sky
726,Villa Union,23.2,-106.2333,82.36,45,0,0.0,MX,clear sky
727,Igrim,63.1906,64.4162,13.55,90,93,6.26,RU,overcast clouds
728,Sobolevo,54.4299,31.8996,28.02,91,67,14.0,RU,broken clouds
729,Alice Springs,-23.7,133.8833,72.95,83,20,0.0,AU,few clouds
730,Formosa,-26.1775,-58.1781,71.58,94,75,9.22,AR,broken clouds
731,Voi,-3.3945,38.563,73.44,76,11,5.75,KE,few clouds
732,Ampanihy,-24.7,44.75,75.67,83,37,13.06,MG,scattered clouds
